Research team;Director;Location;Affiliation;Research type;Annual budget;Item type;Item budget;Comments
Oncology;Gabriel Sullivan;Zurich;Harvard;Basic Research;21680552.51;Personnel;621512.01;Skin operation part short focus establish assume arm if.
Oncology;Kyle Mckay;Munich;ETH Zurich;Basic Research;26683921.43;IT Infrastructure;3320269.7;Raise recently room or.
Oncology;Belinda Holmes;Singapore;UofT;Translational;17011213.56;IT Infrastructure;2025349.8;Expert piece chair sell loss.
Oncology;Brooke Wu;Zurich;Harvard;Translational;23983115.08;Training;3992165.23;That receive trouble player pretty ask research available reason his.
Neurology;Adam Simmons;London;Oxford;Clinical Research;30852053.5;Personnel;1477879.45;Television yes wear will owner right meet security perform control item.
Neurology;Dennis White;Boston;NUS;Clinical Research;45805341.76;Equipment;3707544.98;Down move cell why somebody easy young perhaps maybe.
Neurology;Erin Hernandez;London;Oxford;Basic Research;15324217.97;Equipment;1303743.95;Outside white billion town.
Cardiology;Raymond Moore;Boston;LMU Munich;Epidemiological;25926909.05;Personnel;3289492.93;Group opportunity day main commercial adult.
Cardiology;Stephen Carter;Boston;Harvard;Clinical Research;40502615.46;Equipment;2555559.37;What cup hot can alone call attorney heavy reduce hear.
Immunology;Sarah Collins;Zurich;Harvard;Clinical Research;22270002.31;IT Infrastructure;144383.61;Above data might story near your road full.
Immunology;Jason Young;Singapore;LMU Munich;Basic Research;29466311.0;IT Infrastructure;2950591.4;Number position policy once development.
Immunology;Melissa Williams;Zurich;Oxford;Clinical Research;28357521.8;Training;4846778.94;Simple if pick star financial.
Virology;Marissa Kelley;Munich;UofT;Translational;42139564.21;Operations;3390094.74;Mind edge realize box from heart.
Virology;David Graham;Boston;Oxford;Basic Research;17744083.84;Operations;1091971.56;Marriage sit wind learn fire only other once note.
Virology;Emily Wallace;London;ETH Zurich;Translational;25568345.1;Personnel;4696455.57;Action hard increase result economic pattern.
Genetics;Kevin Ross;Boston;LMU Munich;Basic Research;6542334.52;Equipment;3116643.78;Ago letter course nothing about future guy thing any city.
Genetics;Samantha Sutton;Munich;ETH Zurich;Basic Research;17612444.47;IT Infrastructure;1401935.67;Guy daughter bank ok other kid plant.
Genetics;Devin David;Singapore;NUS;Basic Research;24243386.76;Training;3709505.65;To people early little benefit debate buy.
Endocrinology;Michael Reyes;Zurich;ETH Zurich;Translational;32323432.59;IT Infrastructure;1109202.62;Between pick current area small can.
Endocrinology;William Thompson;Munich;LMU Munich;Basic Research;48931476.52;Operations;2020428.94;Executive bag have blood such reality area situation now issue director.
Payments;Antonio Wilson;Bangkok;;;;;;Director for Payments
