Team,Location,Name,Role
Oncology,Zurich,Christopher Wilson,Manager
Oncology,Zurich,Leslie Bradley,Analyst
Oncology,Zurich,Yvette Gonzalez,Analyst
Oncology,Zurich,Deanna Garcia,Analyst
Oncology,Munich,Luis Deleon,Manager
Oncology,Munich,Brian Thomas,Analyst
Oncology,Munich,Brett Brown,Analyst
Oncology,Munich,Karl Leonard,Analyst
Oncology,Munich,John Crawford,Analyst
Oncology,Munich,Amber Ware,Analyst
Oncology,Munich,Wendy Mercado,Analyst
Oncology,Singapore,John Huff,Manager
Oncology,Singapore,Adam Roberts,Analyst
Oncology,Singapore,Erica Smith,Analyst
Oncology,Singapore,Michelle Crawford,Analyst
Oncology,Singapore,Regina Foster,Analyst
Oncology,Singapore,Gary Andrews,Analyst
Neurology,London,Jeremy Walter,Manager
Neurology,London,Jeremy Johnson,Analyst
Neurology,London,Gregory Reed,Analyst
Neurology,London,Shawn Warner,Analyst
Neurology,Boston,Carlos Martin,Manager
Neurology,Boston,Corey Shepard,Analyst
Neurology,Boston,David Sullivan,Analyst
Neurology,Boston,Darrell Winters,Analyst
Neurology,Boston,Kathy Mcconnell,Analyst
Neurology,Boston,Nicole Lopez,Analyst
Cardiology,Boston,Jennifer Gomez,Manager
Cardiology,Boston,Robert Ray,Analyst
Cardiology,Boston,Suzanne Myers,Analyst
Cardiology,Boston,Maria Hall,Analyst
Cardiology,Boston,Richard Wade,Analyst
Cardiology,Boston,Brian Garcia,Analyst
Cardiology,Boston,Tracy Burton,Analyst
Immunology,Zurich,Daniel Peterson,Manager
Immunology,Zurich,Lauren Houston,Analyst
Immunology,Zurich,Austin Terry,Analyst
Immunology,Zurich,Cameron Weaver,Analyst
Immunology,Singapore,James Joseph,Manager
Immunology,Singapore,Robert Whitney,Analyst
Immunology,Singapore,David Bradford,Analyst
Immunology,Singapore,Seth Hanson,Analyst
Immunology,Singapore,Amanda Johnson,Analyst
Virology,Munich,Mary Jimenez,Manager
Virology,Munich,Leon Bright DVM,Analyst
Virology,Munich,Derek Smith,Analyst
Virology,Boston,David Thompson,Manager
Virology,Boston,David Murray,Analyst
Virology,Boston,Dennis Swanson,Analyst
Virology,Boston,Jamie Wall,Analyst
Virology,London,Michael Elliott,Manager
Virology,London,Scott Cruz,Analyst
Virology,London,Amy Johnson,Analyst
Virology,London,Hannah Morales,Analyst
Virology,London,Amber Miller,Analyst
Virology,London,Ruben Hopkins Jr.,Analyst
Genetics,Boston,Christina Whitaker,Manager
Genetics,Boston,Richard Anderson,Analyst
Genetics,Boston,Kristen Ford,Analyst
Genetics,Boston,Faith Rogers,Analyst
Genetics,Boston,Jamie Arellano,Analyst
Genetics,Boston,Melinda White,Analyst
Genetics,Boston,Andrea Dickerson,Analyst
Genetics,Munich,Karen Fernandez,Manager
Genetics,Munich,Robert Gibson,Analyst
Genetics,Munich,Joseph Fox,Analyst
Genetics,Munich,Susan Payne,Analyst
Genetics,Munich,Sara Mccoy,Analyst
Genetics,Munich,Robert Braun,Analyst
Genetics,Singapore,Kathryn Campbell,Manager
Genetics,Singapore,April Mccarthy,Analyst
Genetics,Singapore,Jennifer Holloway,Analyst
Genetics,Singapore,Isaac Gonzalez,Analyst
Genetics,Singapore,Leah Johnson,Analyst
Genetics,Singapore,Larry Adams,Analyst
Genetics,Singapore,Tiffany Harris,Analyst
Endocrinology,Zurich,Jennifer Gonzalez,Manager
Endocrinology,Zurich,Brendan Whitehead,Analyst
Endocrinology,Zurich,Richard Young,Analyst
Endocrinology,Zurich,Brandy Fisher,Analyst
Endocrinology,Zurich,Jeffery Rojas,Analyst
Endocrinology,Munich,Jessica Thomas,Manager
Endocrinology,Munich,Kenneth Burke,Analyst
Endocrinology,Munich,Carolyn Thomas,Analyst
Endocrinology,Munich,Walter Hughes,Analyst
Endocrinology,Munich,Natasha Castillo,Analyst
Payments,Bangkok,James Smith,Manager
Payments,Bangkok,Christian Walsh,Analyst
Payments,Bangkok,Kim Johnson,Analyst
Payments,Bangkok,Robert Day,Analyst
